Email,Name,Title,Manager
ejay.gharat.79z@gmaiil.us,Tamzin Wilkinson,general manager,
lsashiniiddamalgm@lccweb.org,Federico Reyna,department manager,Tamzin Wilkinson
tillipyme-2031@yopmail.com,Gregg Giles,department manager,Tamzin Wilkinson
lsashiniiddamalgm@lccweb.org,Mikolaj Hastings,senior engineer,Tamzin Wilkinson
prahulwala1@froknowsphoto.org,Willa Arellano,senior engineer,Gregg Giles
gmirzasaqibmi@hallsulrics.tk,Denny Cameron,engineer,Willa Arellano
2joseane8h@gmaiil.us,Marilyn Woodard,engineer,Gregg Giles
6hocine.mistak@xedoiutret.cf,Tonya Rees,senior engineer,Gregg Giles
msraviteja990@bellaserababy.com,Mahira Herrera,department manager,Denny Cameron
hjeffreysoanj@guiwoallam.cf,Burhan Stevens,department manager,Mahira Herrera
hmohamed@360.band,Anaya Carr,senior engineer,Mahira Herrera
jacheb.noureddins@llotfourco.tk,Hadi Aguilar,intern dev,Willa Arellano